TROPHOSPECIES	ABBREVIATION	PHYLUM_SUBPYLUM	CLASS	ORDER	FAMILY	GROUP
DETRITUS	DET_IND	Detritus	Detritus	Detritus	Detritus	1_Plankton
AUTOTHROPH_FLAGELLAT	AUT_FLA	Autotroph flagellates	Autotroph flagellates	Autotroph flagellates	Autotroph flagellates	1_Plankton
BACTERIA_INDET	BAC_IND	Picoplankton	Picoplankton	Picoplankton	Picoplankton	1_Plankton
DIATOM	DIATOM	Microplankton	Microplankton	Microplankton	Microplankton	1_Plankton
HETEROTROPH_FLAGELLAT	HET_FLA	Heterotroph flagellates	Heterotroph flagellates	Heterotroph flagellates	Heterotroph flagellates	1_Plankton
ICE_ALGAE	ICE_ALG	Ice algae	Ice algae	Ice algae	Ice algae	1_Plankton
MACROALGAE	MAC_IND	Macroalgae	Macroalgae	Macroalgae	Macroalgae	1_Plankton
MIXOTROPH_FLAGELLATES	MIX_FLA	Mixotroph flagellates	Mixotroph flagellates	Mixotroph flagellates	Mixotroph flagellates	1_Plankton
PHYTOPLANKTON_INDET	PHY_IND	Phytoplankton	Phytoplankton	Phytoplankton	Phytoplankton	1_Plankton
PROTOZOOPLANKTON	PROZOO	Microplankton	Microplankton	Microplankton	Microplankton	1_Plankton
ACARTIA_SPP	ACA_SPP	Crustacea	Copepoda	Calanoida	Acartiidae	1_Plankton
AGLANTHA_DIGITALE	AGL_DIG	Cnidaria	Hydrozoa	Trachymedusae	Rhopalonematidae	1_Plankton
APHERUSA_GLACIALIS	APH_GLA	Crustacea	Malacostraca	Amphipoda/Gammarida	Calliopiidae	1_Plankton
AURELIA_AURITA	AUR_AUR	Cnidaria	Scyphozoa	Semaeostomeae	Ulmaridae	1_Plankton
BEROè_SP	BER_SP	Ctenophora	Nuda	Beroida	Beroidae	1_Plankton
BOLINOPSIS_INFUNDIBULUM	BOL_INF	Ctenophora	Tentaculata	Lobata	Bolinopsidae	1_Plankton
CALANUS_FINMARCHICUS	CAL_FIN	Crustacea	Copepoda	Calanoida	Calanidae	1_Plankton
CALANUS_GLACIALIS	CAL_GLA	Crustacea	Copepoda	Calanoida	Calanidae	1_Plankton
CALANUS_HYPERBOREUS	CAL_HYP	Crustacea	Copepoda	Calanoida	Calanidae	1_Plankton
CLIONE_LIMACINA	CLI_LIM	Mollusca	Gastropoda	Gymnosomata	Clionidae	1_Plankton
CYANEA_CAPILLATA	CYA_CAP	Cnidaria	Scyphozoa	Semaeostomeae	Cyaneidae	1_Plankton
DIMOPHYES_ARCTICA	DIM_ARC	Cnidaria	Hydrozoa	Siphonophorae	Diphyidae	1_Plankton
EUKROHNIA_HAMATA	EUK_HAM	Cnidaria	Sagittoidea	Phragmophora	Eukrohniidae	1_Plankton
EUPHYSA_FLAMMEA	EUP_FLAM	Cnidaria	Hydrozoa	Anthoathecata	Corymorphidae	1_Plankton
FRITILLARIA_BOREALIS	FRI_BOR	Tunicata	Appendicularia	Copelata	Fritillariidae	1_Plankton
GAMMARUS_WILKITZKII	GAM_WIL	Crustacea	Malacostraca	Amphipoda/Gammaridea	Gammaridae	1_Plankton
LIMACINA_HELICINA	LIM_HEL	Mollusca	Gastropoda	Thecosomata	Limacinidae	1_Plankton
LIMACINA_RETROVERSA	LIM_RET	Mollusca	Gastropoda	Thecosomata	Limacinidae	1_Plankton
MEGANYCTIPHANES_NORVEGICA	MEG_NOR	Crustacea	Malacostraca	Euphausiacea	Euphausiidae	1_Plankton
MERTENSIA_OVUM	MER_OVU	Ctenophora	Tentaculata	Cydippida	Mertensiidae	1_Plankton
METRIDIA_LONGA	MET_LON	Crustacea	Copepoda	Calanoida	Metridinidae	1_Plankton
METRIDIA_LUCENS	MET_LUC	Crustacea	Copepoda	Calanoida	Metridinidae	1_Plankton
MICROCALANUS_SPP	MIC_SPP	Crustacea	Copepoda	Calanoida	Clausocalanidae	1_Plankton
NEMATOSCELIS_MEGALOPS	NEM_MEG	Crustacea	Malacostraca	Euphausiacea	Euphausiidae	1_Plankton
OIKOPLEURA_DIOICA	OIK_DIO	Tunicata	Appendicularia	Copelata	Okiopleuridae	1_Plankton
OIKOPLEURA_SPP	OIK_SPP	Tunicata	Appendicularia	Copelata	Okiopleuridae	1_Plankton
OIKOPLEURA_VANHOEFFENI	OIK_VAN	Tunicata	Appendicularia	Copelata	Okiopleuridae	1_Plankton
OITHONA_SIMILIS	OIT_SPI	Crustacea	Copepoda	Cyclopoida	Oithonidae	1_Plankton
OITHONA_SPINIROSTRIS/ATLANTICA	OIT_SIM	Crustacea	Copepoda	Cyclopoida	Oithonidae	1_Plankton
ONCAEA_BOREALIS	ONC_BOR	Crustacea	Copepoda	Poecilostomatoida	Oncaeidae	1_Plankton
ONISIMUS_GLACIALIS	ONI_GLA	Crustacea	Malacostraca	Amphipoda/Gammaridea	Uristidae	1_Plankton
ONISIMUS_NANSENI	ONI_NAN	Crustacea	Malacostraca	Amphipoda/Gammaridea	Uristidae	1_Plankton
PAREUCHAETA_GLACIALIS	PAR_GLA	Crustacea	Copepoda	Calanoida	Euchaetidae	1_Plankton
PAREUCHAETA_NORVEGICA	PAR_NOR	Crustacea	Copepoda	Calanoida	Euchaetidae	1_Plankton
PAREUCHAETA_SPP	PAR_SPP	Crustacea	Copepoda	Calanoida	Euchaetidae	1_Plankton
PSEUDOCALANUS_SPP	PSE_SPP	Crustacea	Copepoda	Calanoida	Clausocalanidae	1_Plankton
SAGITTA_SPP	SAG_SPP	Chaetognatha	Sagittoidea	Aphragmophora	Sagittidae	1_Plankton
SARSIA_SPP	SAR_SPP	Cnidaria	Hydrozoa	Anthoathecata	Corynidae	1_Plankton
THEMISTO_ABYSSORUM	THE_ABY	Crustacea	Malacostraca	Amphipoda/Hyperiidea	Hyperiidae	1_Plankton
THEMISTO_LIBELLULA	THE_LIB	Crustacea	Malacostraca	Amphipoda/Hyperiidea	Hyperiidae	1_Plankton
THYSANOESSA_INERMIS	THY_INE	Crustacea	Malacostraca	Euphausiacea	Euphausiidae	1_Plankton
THYSANOESSA_LONGICAUDATA	THY_LON	Crustacea	Malacostraca	Euphausiacea	Euphausiidae	1_Plankton
THYSANOESSA_RASCHII	THY_RAS	Crustacea	Malacostraca	Euphausiacea	Euphausiidae	1_Plankton
ACTINIARIA_G_SP	ACT_G_SP	Cnidaria	Anthozoa	Actiniaria	NA	2_Benthos
AGLAOPHAMUS_MALMGRENI	AGL_MAL	Annelida	Polychaeta	Phyllodocida	Nephtyidae	2_Benthos
APHELOCHAETA_MARIONI	APH_MAR	Annelida	Polychaeta	Terebellida	Cirratulidae	2_Benthos
ARRHIS_PHYLLONYX	ARR_PHY	Crustacea	Malacostraca	Amphipoda	Gammaridae	2_Benthos
ASCIDIACEA_G_SP	ASC_G_SP	Chordata	Ascidiacea	NA	NA	2_Benthos
ASELLOTA_INDET	ASE_IND	Crustacea	Malacostraca	Isopoda	NA	2_Benthos
ASTARTE_SP	AST_SP	Mollusca	Bivalvia	Carditoida	Astartidae	2_Benthos
ASTERIAS_RUBENS	AST_RUB	Echinodermata	Asteroidea	Forcipulatida	Asteriidae	2_Benthos
BALANUS_SP	BAL_SP	Crustacea	Maxillopoda	Sessilia	Balanidae	2_Benthos
BATHYARCA_GLACIALIS	BAT_GLA	Mollusca	Bivalvia	Arcoida	Arcidae	2_Benthos
BRYOZOA_INDET	BRY_IND	Bryozoa	NA	NA	NA	2_Benthos
BENTHOS_LARVAE	BEN_LAR	NA	NA	NA	NA	2_Benthos
BUCCINUM_SP	BUC_SP	Mollusca	Gastropoda	Neogastropoda	Buccinidae	2_Benthos
CHAETOZONE_SP	CHA_SP	Annelida	Polychaeta	Terebellida	Cirratulidae	2_Benthos
CHIONOECETES_OPILIO	CHI_OPI	Crustacea	Malacostraca	Decapoda	Oregoniidae	2_Benthos
CHLAMYS_ISLANDICA	CHL_ISL	Mollusca	Bivalvia	Osteroida	Pectinidae	2_Benthos
CHONE_SP	CHO_SP	Annelida	Polychaeta	Sabellida	Sabellidae	2_Benthos
CIONA_INTESTINALIS	CIO_INT	Tunicata	Ascidiacea	Phlebobranchia	Cionidae	2_Benthos
CIRRATULIDAE_INDET	CIR_IND	Annelida	Polychaeta	Terebellida	NA	2_Benthos
COLUS_SP	COL_SP	Mollusca	Gastropoda	Neogastropoda	Buccinidae	2_Benthos
CROSSASTER_PAPPOSUS	CRO_PAP	Echinodermata	Asteroidea	Valvatida	Solasteridae	2_Benthos
CTENODISCUS_CRISPATUS	CTE_CRI	Echinodermata	Asteroidea	Paxillosida	Ctenodiscidae	2_Benthos
CUCUMARIA_FRONDOSA	CUC_FRO	Echinodermata	Holothuroidea	Dendrochirotidea	Cucumariidae	2_Benthos
ELECTRA_ARCTICA	ELE_ARC	Bryozoa	Gymnolaemata	Cheilostomatida	Electrodea	2_Benthos
ERYTHROPS_SP	ERY_SP	Crustacea	Malacostraca	Mysida	Mysidae	2_Benthos
EUCLYMENINAE_INDET	EUC_IND	Annelida	Polychaeta	NA	Maldanidae	2_Benthos
FORAMINIFERA	FOR_IND	Foraminifera	NA	NA	NA	2_Benthos
GALATHOWENIA_SP	GAL_SP	Annelida	Polychaeta	Sabellida	Oweniidae	2_Benthos
GAMMARIDAE_INDET	GAM_IND	Crustacea	Malacostraca	Amphipoda	Gammaridae	2_Benthos
GEODIA_SP	GEO_SP	Porifera	Demospongiae	Astrophorida	Geodiidae	2_Benthos
GONATUS_FABRICII	GON_FAB	Mollusca	Cephalopoda	Oegopsida	Gonatidae	2_Benthos
GORGONOCEPHALUS_SP	GOR_SP	Echinodermata	Ophiuroidea	Euryalida	Gorgonocephalidae	2_Benthos
HELIOMETRA_GLACIALIS	HEL_GLA	Echinodermata	Crinoidea	Comatulida	Antedonidae	2_Benthos
HETEROMASTUS_FILIFORMIS	HET_FIL	Annelida	Polychaeta	NA	Capitellidae	2_Benthos
HYAS_SP	HYA_SP	Crustacea	Malacostraca	Decapoda	Oregoniidae	2_Benthos
HYDROZOA_INDET	HYD_IND	Cnidaria	Hydrozoa	Hydrozoa	Hydrozoa	2_Benthos
LUMBRICLYMENE_MINOR	LUM_MIN	Annelida	Polychaeta	NA	Maldanidae	2_Benthos
LUMBRINERIS_SP	LUM_SP	Annelida	Polychaeta	Eunicida	Lumbrineridae	2_Benthos
MACOMA_SP	MAC_SP	Mollusca	Bivalvia	Veneroida	Tellinidae	2_Benthos
MALDANE_SARSI	MAL_SAR	Annelida	Polychaeta	NA	Maldanidae	2_Benthos
MENDICULA_FERRUGINOSA	MEN_FER	Mollusca	Bivalvia	Lucinoida	Thyasiridae	2_Benthos
MOLPADIA_BOREALIS	MOL_BOR	Echinodermata	Holothuroidea	Molpadida	Molpadiidae	2_Benthos
MYRIOCHELE_HERRI	MYR_HEE	Annelida	Polychaeta	Sabellida	Oweniidae	2_Benthos
NEPHTHEIDAE_SP	NEP_SP	Cnidaria	Anthozoa	Alcyonacea	Nephtyidae	2_Benthos
NYCTIPHANES_COUCHII	NYC_COU	Crustacea	Malacostraca	Euphausiacea	Euphausiidae	2_Benthos
OPHIACANTHA_BIDENTATA	OPH_BID	Echinodermata	Ophiuroidea	Ophiurida	Ophiacanthidae	2_Benthos
OPHIOCTEN_SERICEUM	OPH_SER	Echinodermata	Ophiuroidea	Ophiurida	Ophiuridae	2_Benthos
OPHIOPHOLIS_ACULEATA	OPH_ACU	Echinodermata	Ophiuroidea	Ophiurida	Ophiactidae	2_Benthos
OPHIOPLEURA_BOREALIS	OPH_BOR	Echinodermata	Ophiuroidea	Ophiurida	Ophiuridae	2_Benthos
OPHIOSCOLEX_GLACIALIS	OPH_GLA	Echinodermata	Ophiuroidea	Ophiurida	Ophiomyxidae	2_Benthos
OPHIURA_SP	OPH_SP	Echinodermata	Ophiuroidea	Ophiurida	Ophiuridae	2_Benthos
OSTRACODA_INDET	OST_IND	Crustacea	Ostracoda	NA	NA	2_Benthos
PAGURUS_SP	PAG_SP	Crustacea	Malacostraca	Decapoda	Paguridae	2_Benthos
PANDALUS_BOREALIS	PAN_BOR	Crustacea	Malacostraca	Decapoda	Pandalidae	2_Benthos
PARALITHODES_CAMTSCHATICUS	PAR_CAM	Crustacea	Decapoda	Lithodoidea	Lithodidae	2_Benthos
PARAMPHINOME_JEFFREYSII	PAR_JEF	Annelida	Polychaeta	Amphinomida	Amphinomidae	2_Benthos
PHASCOLION_STROMBUS	PHA_STR	Sipunculida	Sipunculidea	Golfingiida	Phascolionidae	2_Benthos
POLYCHAETA	POL_IND	Annelida	Polychaeta	NA	NA	2_Benthos
POLYNOIDAE_INDET	POLY_IND	Annelida	Polychaeta	Phyllodocida	NA	2_Benthos
PONTASTER_TENUISPINUS	PON_TEN	Echinodermata	Asteroidea	Notomyotida	Benthopectinidae	2_Benthos
PONTOPHILUS_NORVEGICUS	PON_NOR	Crustacea	Malacostraca	Decapoda	Crangonidae	2_Benthos
PORIFERA_G_SP	POR_G_SP	Porifera	NA	NA	NA	2_Benthos
PRIONOSPIO_CIRRIFERA	PRI_CIR	Annelida	Polychaeta	Spionida	Spionidae	2_Benthos
PYCNOGONIDA_G_SP	PYC_G_SP	Arthropoda	NA	NA	NA	2_Benthos
RHACHOTROPIS_SP	RHA_SP	Crustacea	Malacostraca	Amphipoda	Eusiridae	2_Benthos
ROSSIA_SP	ROS_SP	Mollusca	Cephalopoda	Sepiolida	Sepiolidae	2_Benthos
SABINEA_SP	SAB_SP	Crustacea	Malacostraca	Decapoda	Crangonidae	2_Benthos
SCALIBREGMA_INFLATUM	SCA_INF	Annelida	Polychaeta	NA	Scalibragmatidae	2_Benthos
SCLEROCRANGON_SP	SCL_SP	Crustacea	Malacostraca	Decapoda	Crangonidae	2_Benthos
SIMILIPECTEN_GREENLANDICUS	SIM_GRE	Mollusca	Bivalvia	Pectinoida	Propeamussiidae	2_Benthos
SPIOCHAETOPTERUS_TYPICUS	SPI_TYP	Annelida	Polychaeta	Spionida	Chaetopteridae	2_Benthos
SPIOPHANES_KROEYERI	SPI_KRO	Annelida	Polychaeta	Spionida	Spionidae	2_Benthos
SPIRORBIDAE_INDET	SPI_IND	Annelida	Polychaeta	Canalipalpata	Spirorbidae	2_Benthos
STICHOPUS_TREMULUS	STI_TRE	Echinodermata	Holothuroidea	Aspidochirotida	Stichopodidae	2_Benthos
STRONGYLOCENTROTUS_SP	STRO_SP	Echinodermata	Echinoidea	Camarodonta	Strongylocentrotidae	2_Benthos
TEREBELLIDES_STROEMI	TER_STRO	Annelida	Polychaeta	Terebellida	Trichobranchidae	2_Benthos
THYASIRA_GOULDI	THY_GOU	Mollusca	Bivalvia	Lucinoida	Thyasiridae	2_Benthos
URASTERIAS_LINCKII	URA_LIN	Echinodermata	Asteroidea	Forcipulatida	Asteriidae	2_Benthos
YOLDIELLA_SOLIDULA	YOL_SOL	Mollusca	Bivalvia	Nuculanoida	Yoldiidae	2_Benthos
AGONUS_CATAPHRACTUS	AGO_CAT	Chordata	Actinopterygii	Scorpaeniformes	Agonidae	3_Fish
AMBLYRAJA_HYPERBOREA	AMB_HYP	Chordata	Elasmobranchii	Rajiformes	Rajidae	3_Fish
AMBLYRAJA_RADIATA	AMB_RAD	Chordata	Elasmobranchii	Rajiformes	Rajidae	3_Fish
AMMODYTES_SPP	AMM_SPP	Chordata	Actinopterygii	Perciformes	Ammodytidae	3_Fish
ANARHICHAS_DENTICULATUS	ANA_DEN	Chordata	Actinopterygii	Perciformes	Anarhichadidae	3_Fish
ANARHICHAS_LUPUS	ANA_LUP	Chordata	Actinopterygii	Perciformes	Anarhichadidae	3_Fish
ANARHICHAS_MINOR	ANA_MIN	Chordata	Actinopterygii	Perciformes	Anarhichadidae	3_Fish
ANISARCHUS_MEDIUS	ANI_MED	Chordata	Actinopterygii	Perciformes	Stichaeidae	3_Fish
ARCTOGADUS_GLACIALIS	ARC_GLA	Chordata	Actinopterygii	Gadiformes	Gadidae	3_Fish
ARCTOZENUS_RISSO	ARC_RIS	Chordata	Actinopterygii	Aulopiformes	Paralepididae	3_Fish
ARGENTINA_SP	ARG_SP	Chordata	Actinopterygii	Osmeriformes	Argentinidae	3_Fish
ARTEDIELLUS_ATLANTICUS	ART_ATL	Chordata	Actinopterygii	Scorpaeniformes	Cottidae	3_Fish
BATHYRAJA_SPINICAUDA	BAT_SPI	Chordata	Elasmobranchii	Rajiformes	Arhynchobatidae	3_Fish
BENTHOSEMA_GLACIALE	BEN_GLA	Chordata	Actinopterygii	Myctophiformes	Myctophidae	3_Fish
BOREOGADUS_SAIDA	BOR_SAI	Chordata	Actinopterygii	Gadiformes	Gadidae	3_Fish
BROSME_BROSME	BRO_BRO	Chordata	Actinopterygii	Gadiformes	Lotidae	3_Fish
CAREPROCTUS_SP	CAR_SPP	Chordata	Actinopterygii	Scorpaeniformes	Cyclopteridae	3_Fish
CLUPEA_HARENGUS	CLU_HAR	Chordata	Actinopterygii	Clupeiformes	Clupeidae	3_Fish
COTTUNCULUS_MICROPS	COT_MIC	Chordata	Actinopterygii	Scorpaeniformes	Psychrolutidae	3_Fish
CYCLOPTERUS_LUMPUS	CYC_LUM	Chordata	Actinopterygii	Scorpaeniformes	Cyclopteridae	3_Fish
ENCHELYOPUS_CIMBRIUS	ENC_CIM	Chordata	Actinopterygii	Gadiformes	Lotidae	3_Fish
ETMOPTERUS_SPINAX	ETM_SPI	Chordata	Elasmobranchii	Squaliformes	Squalidae	3_Fish
EUMICROTREMUS_SPINOSUS	EUM_SPI	Chordata	Actinopterygii	Scorpaeniformes	Cyclopteridae	3_Fish
GADICULUS_ARGENTEUS	GAD_ARG	Chordata	Actinopterygii	Gadiformes	Gadidae	3_Fish
GADUS_MORHUA	GAD_MOR	Chordata	Actinopterygii	Gadiformes	Gadidae	3_Fish
GAIDROPSARUS_ARGENTATUS	GAI_ARG	Chordata	Actinopterygii	Gadiformes	Lotidae	3_Fish
GASTEROSTEUS_ACULEATUS	GAS_ACU	Chordata	Actinopterygii	Gasterosteiformes	Gasterosteidae	3_Fish
GLYPTOCEPHALUS_CYNOGLOSSUS	GLY_CYN	Chordata	Actinopterygii	Pleuronectiformes	Pleuronectidae	3_Fish
GYMNELUS_SPP	GYM_SPP	Chordata	Actinopterygii	Perciformes	Zoarcidae	3_Fish
GYMNOCANTHUS_TRICUSPIS	GYM_TRI	Chordata	Actinopterygii	Scorpaeniformes	Cottidae	3_Fish
HIPPOGLOSSUS_HIPPOGLOSSUS	HIP_HIP	Chordata	Actinopterygii	Pleuronectiformes	Pleuronectidae	3_Fish
HIPPOGLOSSOIDES_PLATESSOIDES	HIP_PLA	Chordata	Actinopterygii	Pleuronectiformes	Pleuronectidae	3_Fish
ICELUS_SPP	ICE_SPP	Chordata	Actinopterygii	Scorpaeniformes	Cottidae	3_Fish
LEPTAGONUS_DECAGONUS	LEP_DEC	Chordata	Actinopterygii	Scorpaeniformes	Agonidae	3_Fish
LEPTOCLINUS_MACULATUS	LEP_MAC	Chordata	Actinopterygii	Perciformes	Stichaeidae	3_Fish
LIMANDA_LIMANDA	LIM_LIM	Chordata	Actinopterygii	Pleuronectiformes	Pleuronectidae	3_Fish
LIPARIS_FABRICII	LIP_FAB	Chordata	Actinopterygii	Scorpaeniformes	Cyclopteridae	3_Fish
LIPARIS_GIBBUS	LIP_GIB	Chordata	Actinopterygii	Scorpaeniformes	Cyclopteridae	3_Fish
LIPARIS_MONTAGUI	LIP_MON	Chordata	Actinopterygii	Scorpaeniformes	Cyclopteridae	3_Fish
LUMPENUS_FABRICII	LUM_FAB	Chordata	Actinopterygii	Perciformes	Stichaeidae	3_Fish
LUMPENUS_LAMPRETAEFORMIS	LUM_LAM	Chordata	Actinopterygii	Perciformes	Stichaeidae	3_Fish
LYCENCHELYS_KOLTHOFFI	LYC_KOL	Chordata	Actinopterygii	Perciformes	Zoarcidae	3_Fish
LYCODES_ESMARKII	LYC_ESM	Chordata	Actinopterygii	Perciformes	Zoarcidae	3_Fish
LYCODES_EUDIPLEUROSTICTUS	LYC_EUD	Chordata	Actinopterygii	Perciformes	Zoarcidae	3_Fish
LYCODES_GRACILIS	LYC_GRA	Chordata	Actinopterygii	Perciformes	Zoarcidae	3_Fish
LYCODES_PALLIDUS	LYC_PAL	Chordata	Actinopterygii	Perciformes	Zoarcidae	3_Fish
LYCODES_RETICULATUS	LYC_RET	Chordata	Actinopterygii	Perciformes	Zoarcidae	3_Fish
LYCODES_ROSSI	LYC_ROS	Chordata	Actinopterygii	Perciformes	Zoarcidae	3_Fish
LYCODES_SEMINUDUS	LYC_SEM	Chordata	Actinopterygii	Perciformes	Zoarcidae	3_Fish
MACROURUS_BERGLAX	MAC_BER	Chordata	Actinopterygii	Gadiformes	Macrouridae	3_Fish
MALLOTUS_VILLOSUS	MAL_VIL	Chordata	Actinopterygii	Osmeriformes	Osmeridae	3_Fish
MAUROLICUS_MUELLERI	MAU_MUE	Chordata	Actinopterygii	Stomiiformes	Sternoptychidae	3_Fish
MELANOGRAMMUS_AEGLEFINUS	MEL_AEG	Chordata	Actinopterygii	Gadiformes	Gadidae	3_Fish
MERLANGIUS_MERLANGUS	MER_MER	Chordata	Actinopterygii	Gadiformes	Gadidae	3_Fish
MICROMESISTIUS_POUTASSOU	MIC_POU	Chordata	Actinopterygii	Gadiformes	Gadidae	3_Fish
MICROSTOMUS_KITT	MIC_KIT	Chordata	Actinopterygii	Pleuronectiformes	Pleuronectidae	3_Fish
MOLVA_MOLVA	MOL_MOL	Chordata	Actinopterygii	Gadiformes	Lotidae	3_Fish
MYOXOCEPHALUS_SCORPIUS	MYO_SCO	Chordata	Actinopterygii	Scorpaeniformes	Cottidae	3_Fish
PARALIPARIS_BATHYBIUS	PAR_BAT	Chordata	Actinopterygii	Scorpaeniformes	Cyclopteridae	3_Fish
FISH_LARVAE	FI_LA	Chordata	Actinopterygii	Actinopterygii	Actinopterygii	3_Fish
PLEURONECTES_PLATESSA	PLE_PLA	Chordata	Actinopterygii	Pleuronectiformes	Pleuronectidae	3_Fish
POLLACHIUS_POLLACHIUS	POL_POL	Chordata	Actinopterygii	Gadiformes	Gadidae	3_Fish
POLLACHIUS_VIRENS	POL_VIR	Chordata	Actinopterygii	Gadiformes	Gadidae	3_Fish
RAJELLA_FYLLAE	RAJ_FYL	Chordata	Elasmobranchii	Rajiformes	Rajidae	3_Fish
REINHARDTIUS_HIPPOGLOSSOIDES	REI_HIP	Chordata	Actinopterygii	Pleuronectiformes	Pleuronectidae	3_Fish
SCOMBER_SCOMBRUS	SCO_SCO	Chordata	Actinopterygii	Perciformes	Scombridae	3_Fish
SEBASTES_MARINUS	SEB_MAR	Chordata	Actinopterygii	Scorpaeniformes	Sebastidae	3_Fish
SEBASTES_MENTELLA	SEB_MEN	Chordata	Actinopterygii	Scorpaeniformes	Sebastidae	3_Fish
SEBASTES_SPP	SEB_SPP	Chordata	Actinopterygii	Scorpaeniformes	Sebastidae	3_Fish
SEBASTES_VIVIPARUS	SEB_VIV	Chordata	Actinopterygii	Scorpaeniformes	Sebastidae	3_Fish
SOMNIOSUS_MICROCEPHALUS	SOM_MIC	Chordata	Elasmobranchii	Squaliformes	Dalatiidae	3_Fish
SQUALUS_ACANTHIAS	SQU_ACA	Chordata	Elasmobranchii	Squaliformes	Squalidae	3_Fish
TRIGLOPS_MURRAYI	TRI_MUR	Chordata	Actinopterygii	Scorpaeniformes	Cottidae	3_Fish
TRIGLOPS_NYBELINI	TRI_NYB	Chordata	Actinopterygii	Scorpaeniformes	Cottidae	3_Fish
TRIGLOPS_PINGELII	TRI_PIN	Chordata	Actinopterygii	Scorpaeniformes	Cottidae	3_Fish
TRISOPTERUS_ESMARKII	TRI_ESM	Chordata	Actinopterygii	Gadiformes	Gadidae	3_Fish
ULCINA_OLRIKII	ULC_OLR	Chordata	Actinopterygii	Scorpaeniformes	Agonidae	3_Fish
ALLE_ALLE	ALL_ALL	Chordata	Aves	Charadriiformes	Alcidae	4_Birds
FRATERCULA_ARCTICA	FRA_ARC	Chordata	Aves	Charadriiformes	Alcidae	4_Birds
FULMARUS_GLACIALIS	FUL_GLA	Chordata	Aves	Procellariiformes	Procellariidae	4_Birds
LARUS_ARGENTATUS	LAR_ARG	Chordata	Aves	Charadriiformes	Laridae	4_Birds
LARUS_HYPERBOREUS	LAR_HYP	Chordata	Aves	Charadriiformes	Laridae	4_Birds
LARUS_MARINUS	LAR_MAR	Chordata	Aves	Charadriiformes	Laridae	4_Birds
RISSA_TRIDACTYLA	RIS_TRI	Chordata	Aves	Charadriiformes	Laridae	4_Birds
URIA_AALGE	URI_AAL	Chordata	Aves	Charadriiformes	Alcidae	4_Birds
URIA_LOMVIA	URI_LOM	Chordata	Aves	Charadriiformes	Alcidae	4_Birds
BALAENOPTERA_ACUTOROSTRATA	BAL_ACU	Chordata	Mammalia	Cetacea	Balaenopteridae	5_Mammals
BALAENOPTERA_PHYSALUS	BAL_PHY	Chordata	Mammalia	Cetacea	Balaenopteridae	5_Mammals
CYSTOPHORA_CRISTATA	CYS_CRI	Chordata	Mammalia	Carnivora	Phocidae	5_Mammals
DELPHINAPTERUS_LEUCAS	DEL_LEU	Chordata	Mammalia	Cetacea	Delphinidae	5_Mammals
ERIGNATHUS_BARBATUS	ERI_BAR	Chordata	Mammalia	Carnivora	Phocidae	5_Mammals
LAGENORHYNCHUS_ALBIROSTRIS	LAG_ALB	Chordata	Mammalia	Cetacea	Delphinidae	5_Mammals
MEGAPTERA_NOVAEANGLIAE	MEG_NOV	Chordata	Mammalia	Cetacea	Balaenopteridae	5_Mammals
MONODON_MONOCEROS	MON_MON	Chordata	Mammalia	Cetacea	Monodontidae	5_Mammals
ODOBENUS_ROSMARUS	ODO_ROS	Chordata	Mammalia	Carnivora	Odobenidae	5_Mammals
ORCINUS_ORCA	ORC_ORC	Chordata	Mammalia	Cetacea	Delphinidae	5_Mammals
PAGOPHILUS_GROENLANDICUS	PAG_GRO	Chordata	Mammalia	Carnivora	Phocidae	5_Mammals
PHOCA_HISPIDA	PHO_HIS	Chordata	Mammalia	Carnivora	Phocidae	5_Mammals
PHOCOENA_PHOCOENA	PHO_PHO	Chordata	Mammalia	Cetacea	Phocoenidae	5_Mammals
PHYSETER_MACROCEPHALUS	PHY_MAC	Chordata	Mammalia	Cetacea	Physeteridae	5_Mammals
URSUS_MARITIMUS	URS_MAR	Chordata	Mammalia	Carnivora	Ursidae	5_Mammals
